Date,Visitors
2020-11-09,707
2020-11-10,1455
2020-11-11,1520
2020-11-12,1726
2020-11-13,2134
2020-11-14,1316
2020-11-15,1287
2020-11-16,1548
2020-11-17,1448
2020-11-18,
2020-11-19,2321
2020-11-20,1819
2020-11-21,1180
2020-11-22,2138
2020-11-23,2632
2020-11-24,1752
2020-11-25,627
2020-11-26,2105
2020-11-27,1671
2020-11-28,1105
2020-11-29,1698
2020-11-30,1541
2020-12-01,1245
2020-12-02,
2020-12-03,2171
2020-12-04,1975
2020-12-05,1186
2020-12-06,1822
2020-12-07,1584
2020-12-08,1961
2020-12-09,2464
2020-12-10,2394
2020-12-11,1322
2020-12-12,1167
2020-12-13,1163
2020-12-14,1772
2020-12-15,1740
2020-12-16,1317
2020-12-17,2330
2020-12-18,2056
2020-12-19,1191
2020-12-20,1828
2020-12-21,1605
2020-12-22,1571
2020-12-23,1288
2020-12-24,2556
2020-12-25,2152
2020-12-26,
2020-12-27,2020
2020-12-28,1480
2020-12-29,1226
2020-12-30,1328
2020-12-31,2295
2021-01-01,2032
2021-01-02,1030
2021-01-03,1442
2021-01-04,1476
2021-01-05,1272
2021-01-06,2054
2021-01-07,4139
2021-01-08,2286
2021-01-09,1371
2021-01-10,1484
2021-01-11,1571
2021-01-12,1454
2021-01-13,1243
2021-01-14,2753
2021-01-15,2312
2021-01-16,1414
2021-01-17,1524
2021-01-18,1469
2021-01-19,1302
2021-01-20,1659
2021-01-21,2120
2021-01-22,2482
2021-01-23,1820
2021-01-24,1628
2021-01-25,1430
2021-01-26,488
2021-01-27,1084
2021-01-28,
2021-01-29,1844
2021-01-30,1065
2021-01-31,1582
2021-02-01,1407
2021-02-02,1496
2021-02-03,2176
2021-02-04,2010
2021-02-05,2015
2021-02-06,1488
2021-02-07,1608
2021-02-08,1337
2021-02-09,2266
2021-02-10,1925
2021-02-11,826
2021-02-12,1387
2021-02-13,599
2021-02-14,968
2021-02-15,1482
2021-02-16,1420
2021-02-17,1171
2021-02-18,2395
2021-02-19,2029
2021-02-20,1047
2021-02-21,1464
2021-02-22,1428
2021-02-23,1154
2021-02-24,1841
2021-02-25,2248
2021-02-26,2553
2021-02-27,1797
2021-02-28,1912
2021-03-01,1786
2021-03-02,1096
2021-03-03,1068
2021-03-04,1976
2021-03-05,1806
2021-03-06,1621
2021-03-07,1001
2021-03-08,1477
2021-03-09,1401
2021-03-10,2190
2021-03-11,2439
2021-03-12,2220
2021-03-13,2732
2021-03-14,967
2021-03-15,1544
2021-03-16,1455
2021-03-17,2194
2021-03-18,1923
2021-03-19,685
2021-03-20,543
2021-03-21,1472
2021-03-22,1368
2021-03-23,1454
2021-03-24,2080
2021-03-25,2611
2021-03-26,2434
2021-03-27,1437
2021-03-28,1642
2021-03-29,1320
2021-03-30,1363
2021-03-31,2068
2021-04-01,2311
2021-04-02,2091
2021-04-03,1532
2021-04-04,1406
2021-04-05,1180
2021-04-06,1244
2021-04-07,1812
2021-04-08,2273
2021-04-09,2158
2021-04-10,1625
2021-04-11,1485
2021-04-12,1499
2021-04-13,1511
2021-04-14,1803
2021-04-15,2101
2021-04-16,1915
2021-04-17,1509
2021-04-18,1399
2021-04-19,1648
2021-04-20,1154
2021-04-21,1122
2021-04-22,2302
2021-04-23,1942
2021-04-24,1345
2021-04-25,1166
2021-04-26,1105
2021-04-27,1256
2021-04-28,1236
2021-04-29,2139
2021-04-30,1836
2021-05-01,
2021-05-02,1423
2021-05-03,1382
2021-05-04,2152
2021-05-05,1400
2021-05-06,2244
2021-05-07,2023
2021-05-08,1483
2021-05-09,1303
